URL,Label
https://www.alljoypoultryfarm.co.za,Bad
https://www.sapuppiesworld.co.za,Bad
https://www.intrustplc.online,Bad
https://www.flyviewbank.com,Bad
https://www.authenticbills.com,Bad
https://www.hapagcargo.com,Bad
http://www.fastglobalparcelservices.com,Bad
http://www.efescourier.com,Bad
https://www.stockence.com,Bad
https://www.cryptanalysis-delivery.com,Bad
http://www.timelessexpresslogistics.com,Bad
https://www.presscourierlogistics.com,Bad
https://www.intrustplc.com,Bad
https://www.ebankcroatia.co,Bad
https://www.puppiesparade.co.za,Bad
http://www.dtdclogisticsonline.com,Bad
http://www.thexpresslogisticsltd.com,Bad
http://www.evergreenexpressltd.com,Bad
https://www.fastparcelserviceltd.com,Bad
https://www.barr-tomrobb.com,Bad
http://www.barclayfxt.com,Bad
http://www.theroyallogistics.online,Bad
http://www.theatlanticourier.online,Bad
https://www.harpictradings.com,Bad
http://www.allcitizensltd.com,Bad
http://www.coastlinealianceunion.com,Bad
http://www.desskyfinance.com,Bad
https://www.investe-finance.com,Bad
http://algroupbank.com,Bad
http://www.pfizerpostal.com,Bad
http://www.usarmysyriabase.com,Bad
http://www.bestdeliverycompany.online,Bad
http://www.ifbiusagov.com,Bad
http://www.moontrust-bank.com,Bad
http://www.stargatexpressservices.world,Bad
http://www.fastcashloansza.com,Bad
http://www.ukalphabank.com,Bad
http://www.ceissbank.com,Bad
https://www.dominionrottweilershome.com,Bad
https://www.productsale.co.za,Bad
https://www.dorisfarm.co.za,Bad
https://www.starslogisticsllc.com,Bad
http://www.fluffydevonrexkittens.com,Bad
http://www.saa4papersupplies.co.za,Bad
https://www.lesegopoultry.co.za,Bad
https://www.carlinepuppies.com,Bad
http://www.helmslytrus.com,Bad
https://www.aandgfinancelimited.com,Bad
https://www.sealinfo.org,Bad
https://www.trusteclick.com,Bad
http://dbanksgroup-001-site1.etempurl.com,Bad
http://www.portcontainerssa.co.za,Bad
https://www.partternconstruct.co.uk,Bad
https://www.queenspoultryfarm.co.za,Bad
http://www.bwvgrouptradingltd.com,Bad
http://www.hlifsb.com,Bad
http://www.alraynb.com,Bad
https://www.talkashee.com,Bad
https://www.ibritishexpats.com,Bad
https://www.justananswer.org,Bad
https://www.forscamadviser.com,Bad
https://www.joypuppies.com,Bad
https://www.safetimex.com,Bad
http://www.airforce-raaf.org,Bad
https://www.lafrimepuppies.co.za,Bad
https://www.sandhurstpoultry.co.za,Bad
https://www.abteltek.com,Bad
https://www.globalprovisions.co.uk,Bad
https://www.oracle-community.com,Bad
https://www.diamondcourierlogistics.com,Bad
https://www.fresnotta.com,Bad
https://www.adonapuppieshome.com,Bad
http://www.royal-australian-air-force-gov-au.com,Bad
https://www.arabellapuppies.com,Bad
https://www.brookdalefarm.co.za,Bad
https://www.hi-carethaigloves.com,Bad
https://www.telteksa.com,Bad
https://www.globaltraderexp.com,Bad
http://www.instantglobalcourier.com,Bad
https://www.dynamicdeliveryexpress.com,Bad
http://www.tdrexpress.com,Bad
https://www.dpd-speditions.com,Bad
https://www.skylinexpresslogistics.com,Bad
https://www.hla-trans.eu,Bad
https://www.videxlogistics.com,Bad
https://www.kenorestradingltd.com,Bad
https://www.crosswayfreights.com,Bad
https://www.europessdsolutionchemicals.com,Bad
https://www.alagunabv.com,Bad
https://www.standardrunners.com,Bad
https://www.msc-transglobal.com,Bad
https://www.rexgloballogistics.com,Bad
https://www.nfiexpresslogisticz.com,Bad
http://www.firstgloballinks.com,Bad
https://www.venusdeliverycompany.com,Bad
https://www.transcontinentalogistic.com,Bad
https://www.monofillimited.com,Bad
https://www.pexpresstransport.com,Bad
https://www.bkdisposableproducts.com,Bad
https://www.quickglobalcourierservices.com,Bad
https://www.astridautocargo.com,Bad
http://www.reviews-zoominfo.com,Bad
https://www.largestcompanies.agency,Bad
https://www.glassdoor-website.com,Bad
https://www.dotacargo.com,Bad
http://www.graciouspuppiesempire.co.za,Bad
http://www.dreamlandpuppies.co.za,Bad
https://www.craffenheimpuppies.com,Bad
https://www.pawfectcorner.com,Bad
https://www.nlvnonwovensensicoltd.com,Bad
https://www.az-freights.website,Bad
https://www.automoxieservice.com,Bad
https://www.freightsglobal.com,Bad
https://www.trustpilot-transport.com,Bad
https://www.championpuppybreeder.com,Bad
http://www.turquoisepoultryfarm.zohosites.com,Bad
https://www.elsieteacuppoms.com,Bad
https://www.agru-paradis.com,Bad
http://www.bluefishseafoodab.com,Bad
https://www.phatsaem.com,Bad
https://www.goldendreamzcoons.com,Bad
https://www.maerskshippinglines.com,Bad
http://www.wldexpresslogisticsltd.com,Bad
https://www.pexgomaritimelogistics.com,Bad
http://www.wawapaperfactory.com,Bad
https://www.unicgloves.com,Bad
http://www.thaipapermillcompanylimited.com,Bad
https://www.thaiglovesglobal.com,Bad
https://www.sufficiencyeconomycityltd.com,Bad
https://www.souththaisugarcorporate.com,Bad
https://www.wotterrerent.com,Bad
https://www.cryptoefx.live,Bad
https://www.thaimarinelogistics.com,Bad
https://www.jodakfreightforwarder.com,Bad
http://www.wanprathumltd.com,Bad
https://www.thaisoftgloves.com,Bad
https://www.thaimalcomgloves.com,Bad
https://www.tecindustryuab.com,Bad
https://www.spmangmee.com,Bad
https://www.topteacuppuppies.site,Bad
http://www.skymedglovesltd.com,Bad
https://www.classicmotoren.com,Bad
https://www.premiumyorkiesfarm.com,Bad
https://www.mansfieldbulldogsfarm.com,Bad
https://www.pglpgloves.com,Bad
https://www.pdcopypapermanufacturers.com,Bad
https://www.schengen-documents.com,Bad
https://www.goldforsale.online,Bad
https://www.intltrading.online,Bad
https://www.kooprijbewijs.online,Bad
https://www.silvermercuryandcaluanieoxidize.com,Bad
https://www.saengloves.com,Bad
https://www.refurbishlaptopandphones.com,Bad
https://www.primponpapersfactory.com,Bad
https://www.petsbreedinghome.com,Bad
https://www.nigeriandewarsandpygmygoatsfarm.com,Bad
https://www.mangmeegloves.com,Bad
http://www.looksornvanderhaarpaperlimited.com,Bad
http://www.looksornvanderhaarglovecompanylimited.com,Bad
http://www.kpapersupplier.com,Bad
http://www.fuhrerscheinonlinekaufen24.com,Bad
https://www.homeexoticpets.com,Bad
http://www.exoticfeathersbirdsfarm.com,Bad
https://www.appealingpups.com,Bad
https://www.ecogrondstoffenlivesstock.com,Bad
https://www.double4papermanufacturercoltd.com,Bad
http://www.counterfeitbanknotes.online,Bad
http://www.brfagrotrading.com,Bad
https://www.antmedicalcoltd.com,Bad
http://www.householdpuppies.com,Bad
https://www.buyyourdocuments.com,Bad
https://www.newpassportonline.com,Bad
https://www.document-online.org,Bad
https://www.eurochemicalsssd.com,Bad
https://www.worldbestdocs.com,Bad
https://www.neosolutionslabs.com,Bad
https://www.congoafricangreyparrots.com,Bad
https://www.arayamedicalglovesltd.com,Bad
https://www.amscinternationalshippingline.com,Bad
http://www.wildcatsnpuppieshome.com,Bad
https://www.allianzsuccesscompany.com,Bad
https://www.abakusam.com,Bad
https://www.richfrenchies.com,Bad
https://www.appealingpuppies.com,Bad
http://www.schighlandsobk.com,Bad
https://www.exoticepetsstore.com,Bad
https://www.topdogssa.com,Bad
https://www.caprkholdings.com,Bad
https://www.zaracoins.com,Bad
https://www.malagamotorimport.com,Bad
https://www.icllogistique.com,Bad
http://www.yorkiesandmaltese.com,Bad
https://www.appealingpupshome.com,Bad
https://www.householdpups.com,Bad
https://www.wintruste.com,Bad
https://www.swiftglobalexcelcargo.com,Bad
http://www.swiftelitedelivery.com,Bad
https://www.madisonpetplace.com,Bad
https://www.hackbanks.com,Bad
https://www.cardcumbo.com,Bad
https://www.flashfundspro.com,Bad
https://www.asheetalks.org,Bad
https://www.scamcheckadviser.com,Bad
https://www.forbritishexpat.com,Bad
https://www.wotterre.com,Bad
https://www.ethanglaugibersolicitors.com,Bad
https://www.opensavingbank.com,Bad
https://www.universalbitfxtrades.com,Bad
https://www.sparkstrade4.com,Bad
http://www.megacryptotraders.net,Bad
https://www.infosealverisign.net,Bad
https://www.justaskanswer.com,Bad
http://www.globalindexcb.com,Bad
http://www.igwefx.xyz,Bad
https://www.zellelivetrading.com,Bad
https://www.eshipandfast.com,Bad
https://www.housecontainers.co.za,Bad
https://www.360tradeoptions.com,Bad
https://www.alliancesecuritycompany.com,Bad
https://www.onlineshopperkit.com,Bad
https://www.ifcgrant.com,Bad
http://www.woodfoorests.com,Bad
http://www.commercial-ista.com,Bad
http://www.tkglobalfarmequipment.com,Bad
http://www.bar-clayes.com,Bad
http://www.a-f-barker-llc.com,Bad
http://www.fmfnigeria.com,Bad
https://www.kwenyidiamonds.com,Bad
http://www.hamayafoodssupplier.com,Bad
https://www.fastwaycouriersplus.com,Bad
https://www.nationalstandardtrustsaving.com,Bad
http://www.notary-registry.com,Bad
http://www.cbn-ng-gov.com,Bad
http://www.bbarclaysplc.com,Bad
http://www.glbtrd.com,Bad
http://www.credits-suisse.org,Bad
https://www.beacondrills.co.za,Bad
https://www.hamayashipping.co.za,Bad
https://www.nobethaholding.com,Bad
https://www.nobetha.co.za,Bad
https://www.motorcycle-forum.com,Bad
https://www.losantrans.com,Bad
https://www.caravan-motorhome.com,Bad
https://www.woodenboat.club,Bad
https://www.6x6xworld.com,Bad
https://www.gohbinlexsahoybas.com,Bad
https://www.papercomplex.com,Bad
https://www.siamexportltdpartnership.com,Bad
https://www.jacandsharpholdings.net,Bad
http://www.navadapaper.co.za,Bad
https://www.actelionpharmaceuticalsglobal.com,Bad
https://www.boatsus.us,Bad
https://www.efastandgo.com,Bad
https://www.boatus.club,Bad
https://www.transworld-express.com,Bad
https://www.bvcarsmachinerytraders.com,Bad
https://www.siamexportpartnership.com,Bad
https://www.jacandsharppapers.com,Bad
http://www.jandsharpholdings.net,Bad
https://www.mbeazempapers.com,Bad
https://www.queensfarmingcooperative.com,Bad
http://www.vmcincorporated.com,Bad
https://www.sfastandship-logistics.com,Bad
http://www.arrcouriersdelivery.com,Bad
https://www.cpoultryfarmltd.com,Bad
https://www.puppymarketplace.net,Bad
http://www.angiekittenbreeders.com,Bad
https://www.motorcaravan-rv.com,Bad
https://www.ybwforum21.com,Bad
https://www.986forum4us.com,Bad
https://www.salvationpoultryfarm.co.za,Bad
https://www.aquacatcontainertraders.com,Bad
https://www.globalpapertrading.com,Bad
https://www.agristockconnection.com,Bad
https://www.marmosetmonkeyshome.com,Bad
https://www.biancapuppies.com,Bad
https://www.usaforum-motorcyclers.com,Bad
https://www.woodenboat4usa.com,Bad
https://www.myboat4.com,Bad
https://www.dealer-forumrating.com,Bad
https://www.41-powerweb-article.com,Bad
https://www.grassrootmotorblog.com,Bad
https://www.terrifickittyhomes.com,Bad
https://www.creditfnb.com,Bad
https://www.420nightdispensary.com,Bad
https://www.evergreenexpressdelivery.com,Bad
http://www.weedstrains4u.com,Bad
https://www.helmibengalkittens.com,Bad
https://www.atvnpartsonlineshops.com,Bad
https://www.oakminer.com,Bad
https://www.spyderlovers-blog.com,Bad
https://www.topcarsz.com,Bad
https://www.puppyoftheday.net,Bad
https://www.christmasakita.com,Bad
https://www.420kushworld.com,Bad
https://www.licenciadeconducirinteligente.com,Bad
http://www.420califarmdispensary.com,Bad
https://www.globalcourierslogistics.com,Bad
https://www.orefixtrade.com,Bad
https://www.pharmapuredem.com,Bad
http://www.webtrustonline.com,Bad
https://www.oakcreditunion.com,Bad
https://www.giantlogistics.us,Bad
https://www.ivonalaw.com,Bad
https://www.wedacu.com,Bad
https://www.voxlcu.com,Bad
https://www.twaycu.com,Bad
https://www.tracecu.com,Bad
https://www.sectigocu.com,Bad
https://www.morgcu.com,Bad
https://www.oakcoservices.com,Bad
https://www.tarcose.com,Bad
http://www.skylinemax.com,Bad
https://www.windscu.com,Bad
https://www.weatrcu.com,Bad
https://www.twayunion.com,Bad
http://www.cepoforex.net,Bad
https://www.ternitzcu.com,Bad
https://www.rivotecu.com,Bad
https://www.levicunion.com,Bad
https://www.iveacu.com,Bad
https://www.hortecu.com,Bad
https://www.firspeakcu.com,Bad
https://www.edwinclarkcu.com,Bad
https://www.dwecu.com,Bad
https://www.charlcu.com,Bad
https://www.apachecu.com,Bad
https://www.aurtacu.com,Bad
https://www.mainccos.com,Bad
https://www.extremecos.com,Bad
http://www.crystalgrandforex.com,Bad
https://www.ftcunion.com,Bad
https://www.firgrcu.com,Bad
https://www.ecdtaus.com,Bad
https://www.dioncu.com,Bad
https://www.atabaris.com,Bad
https://www.abcorcu.com,Bad
https://www.prmcose.com,Bad
https://www.gothancos.com,Bad
https://www.viadcos.com,Bad
https://www.seatunacos.com,Bad
https://www.termacos.com,Bad
https://www.dionycos.com,Bad
https://www.egcoservices.com,Bad
https://www.skyfxcos.com,Bad
http://www.greatcalicannabis.com,Bad
http://www.stefeparrots.com,Bad
https://www.globaltransdeliveryservice.com,Bad
https://www.fynixphamacy.com,Bad
https://www.mastershippingagency.com,Bad
https://www.cendfast.com,Bad
https://www.vaakoservices.com,Bad
https://www.oceanwcos.com,Bad
https://www.finestpuppies4sale.co.za,Bad
http://www.jonassavannahheaven.com,Bad
https://www.arcusdefense.com,Bad
http://www.jetwestpetshope.com,Bad
http://www.jonesmainecoonfamily.com,Bad
http://www.topgradesteroids.com,Bad
https://www.deutscherfuhrerscheinanbieter.com,Bad
http://www.furryfriendhome.com,Bad
http://www.archerypointers.com,Bad
https://www.topshelf-weed.com,Bad
https://www.stgloriuseenterprise.com,Bad
https://www.onlinedeutscherfuhrerschein.com,Bad
https://www.marathonpostalannex.com,Bad
https://www.canabuddispensary.com,Bad
http://www.krikoohome.com,Bad
https://www.wesleyappleiphones.com,Bad
https://www.rijbewijsverkrijgen.com,Bad
https://www.desmondminiaturepuppies.com,Bad
http://www.globalconslogistics.com,Bad
http://www.brf-globalbrazil.com,Bad
http://www.sichererdeutscherfuhrerschein.com,Bad
https://www.usaparcelmovers.com,Bad
https://www.cannabisplugzone.com,Bad
https://www.theuntdbk.com,Bad
https://www.theunicrbk.com,Bad
http://www.phoenixppfip.com,Bad
https://www.fastpetsworldwide.com,Bad
https://www.quality-carts.com,Bad
https://www.bourbon-shop.com,Bad
https://www.hybrid-cour.com,Bad
https://www.empressdel.com,Bad
http://www.dsad-cmp.com,Bad
http://www.fastexpressdocs.com,Bad
https://www.fastautocourier.com,Bad
https://www.dreamworldpuppies.com,Bad
https://www.expresscargoshippingcompany.com,Bad
https://www.verifyallgitfcards.com,Bad
http://www.nbqonline.com,Bad
https://www.trippy-420buds.com,Bad
http://www.fx-cs.com,Bad
http://www.emmyrissglobal.com,Bad
https://www.fast-cargologistics.com,Bad
https://www.xpressdisp.com,Bad
https://www.aimsair-ways.com,Bad
https://www.megascrapsales.com,Bad
http://www.ryandispensary.com,Bad
https://www.realcutehome.com,Bad
https://www.mangbudfarm.com,Bad
https://www.negoceagrihome.com,Bad
https://www.trustprintinglab.com,Bad
https://www.megacannadisp.com,Bad
https://www.bestafricagrey.com,Bad
https://www.militaryleaveoffice.com,Bad
https://www.northshoresavings.com,Bad
https://www.rockwaycapitalbank.com,Bad
https://www.fasttransitxpress.com,Bad
https://www.banccorapido.com,Bad
https://www.royalmaltesehome.com,Bad
https://www.defuhrerscheinmpu.com,Bad
https://www.supremexotics.com,Bad
https://www.lovelysphyxkittens.com,Bad
https://www.surecurepharmacy.com,Bad
https://www.continentalcapitalsaving.com,Bad
https://www.orlandoexpressdelivery.com,Bad
https://www.standardcreditunions.com,Bad
https://www.hallmarkstandardcredit.com,Bad
https://www.boomexpresscourier.com,Bad
https://www.charteredtrusts.com,Bad
https://www.barrsales-limited.com,Bad
https://www.piteacredit.com,Bad
https://www.waynesupplystore.com,Bad
https://www.fistloan.com,Bad
https://www.dedicatedcommunitysavingsbank.com,Bad
https://www.standardunioncredit.com,Bad
https://www.citynationalcredit.com,Bad
https://www.dollartrustbk.com,Bad
https://www.trustcapbkgp.xyz,Bad
https://www.militaryleavesoffice.com,Bad
https://www.citywallbank.com,Bad
https://www.mellatsavings.com,Bad
https://www.fistloans.com,Bad
https://www.libertytrustcredit.com,Bad
https://www.firstrustsecurities.com,Bad
https://www.fleetsexpressdelivery.com,Bad
https://www.swiftoncargos.com,Bad
https://www.royaleliteshipping.xyz,Bad
https://www.westonglobalbk.xyz,Bad
https://www.quantumexpresscourier.com,Bad
https://www.melinohandraisedparrots.com,Bad
https://www.europaperint.com,Bad
http://www.americanlogisticfreight.com,Bad
http://www.eisecure.online,Bad
https://www.talkinggreyparrotsforhomes.com,Bad
http://www.cbcwb.us,Bad
https://www.colbyenchantingpuppieshome.com,Bad
https://www.nyreviews.org,Bad
https://www.prarticles.club,Bad
https://www.preciousmonkeys4homes.com,Bad
https://www.powellrosellbirmankittenspro.online,Bad
https://www.chemicalvendorint.com,Bad
https://www.adorable-pups.com,Bad
https://www.420cannabisfactory.com,Bad
http://www.counterfeitexpress.com,Bad
https://www.gloriousgermanshepherdss.com,Bad
https://www.bestiespuppiesplace.com,Bad
https://www.forwardlook.club,Bad
https://www.lynnwoodloan.org,Bad
https://www.reviewcortera.live,Bad
https://www.retailallianceca.org,Bad
https://www.omraforums.club,Bad
https://www.leclairryan.club,Bad
https://www.toacorn.online,Bad
https://www.ypbusiness.site,Bad
https://www.customerlobby.site,Bad
https://www.richmondmag.site,Bad
https://www.king-5.com,Bad
https://www.dtcmotorsgroup.com,Bad
https://www.verifiedreviews.club,Bad
https://www.theherald.site,Bad
https://www.businessfinder.live,Bad
https://www.ipbusinessca.live,Bad
https://www.armourydistrict.club,Bad
https://www.ypcorporate.com,Bad
https://www.hamptonroads.club,Bad
https://www.live5news.digital,Bad
https://www.livereviews.info,Bad
https://www.nancydrellepuppyhome.com,Bad
https://www.calsfrenchies.com,Bad
http://www.swankypuppiessa.co.za,Bad
https://www.scamadvisercheck.com,Bad
https://www.asheetalk.net,Bad
https://www.zezetto.com,Bad
http://www.alltiumbrokers.com,Bad
https://www.cryptomins.com,Bad
https://www.sulinefitness.com,Bad
https://www.agrovace.com,Bad
https://www.bluebritishcattery.com,Bad
https://www.trustverifyprivacy.com,Bad
https://www.searchjustanswer.com,Bad
https://www.britishexpatforum.com,Bad
https://www.parrs-uk.com,Bad
http://www.alltiumbroker.com,Bad
https://www.jmb-tg.com,Bad
https://www.rxmodeline.com,Bad
http://www.undectetedflipbills.com,Bad
https://www.bustermarijuana.com,Bad
